{
  "hash": "3c90313b",
  "configHash": "5f04f17f",
  "lockfileHash": "39397d8f",
  "browserHash": "03e02701",
  "optimized": {
    "@angular/common": {
      "src": "../../../../../../node_modules/@angular/common/fesm2022/common.mjs",
      "file": "@angular_common.js",
      "fileHash": "0be40393",
      "needsInterop": false
    },
    "@angular/common/http": {
      "src": "../../../../../../node_modules/@angular/common/fesm2022/http.mjs",
      "file": "@angular_common_http.js",
      "fileHash": "6b35965d",
      "needsInterop": false
    },
    "@angular/core": {
      "src": "../../../../../../node_modules/@angular/core/fesm2022/core.mjs",
      "file": "@angular_core.js",
      "fileHash": "3314d4b4",
      "needsInterop": false
    },
    "@angular/forms": {
      "src": "../../../../../../node_modules/@angular/forms/fesm2022/forms.mjs",
      "file": "@angular_forms.js",
      "fileHash": "86a82ea1",
      "needsInterop": false
    },
    "@angular/platform-browser": {
      "src": "../../../../../../node_modules/@angular/platform-browser/fesm2022/platform-browser.mjs",
      "file": "@angular_platform-browser.js",
      "fileHash": "0b12b0c8",
      "needsInterop": false
    },
    "@angular/router": {
      "src": "../../../../../../node_modules/@angular/router/fesm2022/router.mjs",
      "file": "@angular_router.js",
      "fileHash": "820709ad",
      "needsInterop": false
    },
    "bootstrap": {
      "src": "../../../../../../node_modules/bootstrap/dist/js/bootstrap.esm.js",
      "file": "bootstrap.js",
      "fileHash": "0d907106",
      "needsInterop": false
    }
  },
  "chunks": {
    "chunk-C5ETQZUN": {
      "file": "chunk-C5ETQZUN.js"
    },
    "chunk-RA5MJO6B": {
      "file": "chunk-RA5MJO6B.js"
    },
    "chunk-UKRKLYFG": {
      "file": "chunk-UKRKLYFG.js"
    },
    "chunk-IMU4YWZQ": {
      "file": "chunk-IMU4YWZQ.js"
    },
    "chunk-XWLXMCJQ": {
      "file": "chunk-XWLXMCJQ.js"
    }
  }
}